[{"sm":null,"qlj":"-1$99999999999999$acbbb27c6771e40d4d7713091e192061$0a3e1bc7ff564daa81cc427e91316a93$","xgry":"22222222","jdpx":0,"xzmc":"文新街道","xzmcpy":null,"cjrq":"2018-03-04 14:40:04","kz1":0,"kz2":0,"kz3":null,"kz4":null,"wbbh":"44444","cjry":"22222222","xzbh":"0a3e1bc7ff564daa81cc427e91316a93","khbh":"0","sjxzbh":"acbbb27c6771e40d4d7713091e192061","xgrq":"2018-03-09 17:56:44"},{"sm":null,"qlj":"-1$100000$","xgry":"管理员","jdpx":0,"xzmc":"本地目录","xzmcpy":"bdml","cjrq":"2018-02-22","kz1":0,"kz2":0,"kz3":null,"kz4":null,"wbbh":null,"cjry":"管理员","xzbh":"100000","khbh":"0","sjxzbh":"-1","xgrq":"2018-02-22"},{"sm":null,"qlj":"-1$99999999999999$","xgry":"22222222","jdpx":0,"xzmc":"杭州市公安局","xzmcpy":null,"cjrq":"2018-02-24 20:09:47","kz1":0,"kz2":0,"kz3":null,"kz4":null,"wbbh":"12333","cjry":null,"xzbh":"99999999999999","khbh":"0","sjxzbh":"-1","xgrq":"2018-03-09 17:56:24"},{"sm":null,"qlj":"-1$99999999999999$acbbb27c6771e40d4d7713091e192061$","xgry":"22222222","jdpx":0,"xzmc":"西湖分局","xzmcpy":null,"cjrq":"2018-03-04 14:39:54","kz1":0,"kz2":0,"kz3":null,"kz4":null,"wbbh":"1222","cjry":"22222222","xzbh":"acbbb27c6771e40d4d7713091e192061","khbh":"0","sjxzbh":"99999999999999","xgrq":"2018-03-09 17:56:34"},{"sm":null,"qlj":"-1$99999999999999$bd5c0e314c37cdfca6f5c2264e81a48a$","xgry":"22222222","jdpx":0,"xzmc":"上城分局","xzmcpy":null,"cjrq":"2018-03-04 14:11:26","kz1":0,"kz2":0,"kz3":null,"kz4":null,"wbbh":"123","cjry":"22222222","xzbh":"bd5c0e314c37cdfca6f5c2264e81a48a","khbh":"0","sjxzbh":"99999999999999","xgrq":"2018-03-09 17:56:52"}]