[{"tpwzy":0,"tpwzx":0,"shbz":"0","qlj":"-1$d94bea4f83b96ff4f71507d20c36055b$","bz":null,"bmbh":"111","xgry":"22222222","bmpx":0,"ms":null,"bmmcpy":null,"cjrq":"2018-03-06 19:56:12","kz1":null,"kz2":0,"jd":null,"kz3":null,"kz4":null,"sjbmbh":"-1","wbbh":null,"qscdurllj":null,"cjry":"22222222","wd":null,"khbh":"1000100001","xgrq":"2018-03-06 19:56:12","bmmc":"111"},{"tpwzy":0,"tpwzx":0,"shbz":"0","qlj":"-1$cf93a42b85955130276041963d495d69$","bz":null,"bmbh":"222","xgry":"22222222","bmpx":0,"ms":null,"bmmcpy":null,"cjrq":"2018-03-06 19:58:05","kz1":null,"kz2":0,"jd":null,"kz3":null,"kz4":null,"sjbmbh":"-1","wbbh":null,"qscdurllj":null,"cjry":"22222222","wd":null,"khbh":"1000100001","xgrq":"2018-03-06 19:58:05","bmmc":"222"},{"tpwzy":0,"tpwzx":0,"shbz":"0","qlj":"-1$1c8625a40c517b2925014e50908e068f$","bz":null,"bmbh":"333","xgry":"22222222","bmpx":0,"ms":null,"bmmcpy":null,"cjrq":"2018-03-06 20:05:39","kz1":null,"kz2":0,"jd":null,"kz3":null,"kz4":null,"sjbmbh":"111","wbbh":null,"qscdurllj":null,"cjry":"22222222","wd":null,"khbh":"1000100001","xgrq":"2018-03-06 20:05:39","bmmc":"333"}]